{
  "users": [
    {
      "id": 1,
      "name": "roy",
      "location": "india"
    },
    {
      "id": 2,
      "name": "sam",
      "location": "wales"
    }
  ],
  "eleicao": [
    {
      "id": 1,
      "ano": "2020",
      "eleicao": "2020/001",
      "tipoProcesso": 1,
      "descTipoProcesso": "Ordinária",
      "resolucao": "res001/2020",
      "status": 1,
      "descStatus": "Concluida"
    },
    {
      "id": 2,
      "ano": "2020",
      "eleicao": "2020/002",
      "tipoProcesso": 2,
      "descTipoProcesso": "Extraordinária",
      "resolucao": "res002/2020",
      "status": 2,
      "descStatus": "Em Andamento"
    },
    {
      "id": 3,
      "ano": "2020",
      "eleicao": "2020/003",
      "tipoProcesso": 1,
      "descTipoProcesso": "Ordinária",
      "resolucao": "res001/2020",
      "status": 3,
      "descStatus": "Inativado"
    },
    {
      "id": 4,
      "ano": "2019",
      "eleicao": "2019/001",
      "tipoProcesso": 1,
      "descTipoProcesso": "Ordinária",
      "resolucao": "res001/2019",
      "status": 1,
      "descStatus": "Concluida"
    },
    {
      "id": 5,
      "ano": "2019",
      "eleicao": "2019/002",
      "tipoProcesso": 2,
      "descTipoProcesso": "Extraordinária",
      "resolucao": "res002/2019",
      "status": 2,
      "descStatus": "Em Andamento"
    },
    {
      "id": 6,
      "ano": "2019",
      "eleicao": "2019/003",
      "tipoProcesso": 1,
      "descTipoProcesso": "Ordinária",
      "resolucao": "res003/2019",
      "status": 3,
      "descStatus": "Inativado"
    },
    {
      "id": 7,
      "ano": "2018",
      "eleicao": "2018/001",
      "tipoProcesso": 1,
      "descTipoProcesso": "Ordinária",
      "resolucao": "res001/2018",
      "status": 1,
      "descStatus": "Concluida"
    },
    {
      "id": 8,
      "ano": "2018",
      "eleicao": "2018/002",
      "tipoProcesso": 2,
      "descTipoProcesso": "Extraordinária",
      "resolucao": "res001/2018",
      "status": 2,
      "descStatus": "Em Andamento"
    },
    {
      "id": 9,
      "ano": "2018",
      "eleicao": "2018/003",
      "tipoProcesso": 1,
      "descTipoProcesso": "Ordinária",
      "resolucao": "res003/2018",
      "status": 3,
      "descStatus": "Inativado"
    },
    {
      "id": 10,
      "ano": "2017",
      "eleicao": "2017/001",
      "tipoProcesso": 1,
      "descTipoProcesso": "Ordinária",
      "resolucao": "res001/2017",
      "status": 1,
      "descStatus": "Concluida"
    },
    {
      "id": 11,
      "ano": "2017",
      "eleicao": "2017/002",
      "tipoProcesso": 2,
      "descTipoProcesso": "Extraordinária",
      "resolucao": "res002/2017",
      "status": 2,
      "descStatus": "Em Andamento"
    },
    {
      "id": 12,
      "ano": "2017",
      "eleicao": "2017/003",
      "tipoProcesso": 1,
      "descTipoProcesso": "Ordinária",
      "resolucao": "res003/2017",
      "status": 3,
      "descStatus": "Inativado"
    },
    {
      "id": 13,
      "ano": "2016",
      "eleicao": "2016/001",
      "tipoProcesso": 1,
      "descTipoProcesso": "Ordinária",
      "resolucao": "res001/2016",
      "status": 1,
      "descStatus": "Concluida"
    },
    {
      "id": 14,
      "ano": "2016",
      "eleicao": "2016/002",
      "tipoProcesso": 2,
      "descTipoProcesso": "Extraordinária",
      "resolucao": "res002/2016",
      "status": 2,
      "descStatus": "Em Andamento"
    },
    {
      "id": 15,
      "ano": "2016",
      "eleicao": "2016/003",
      "tipoProcesso": 1,
      "descTipoProcesso": "Ordinária",
      "resolucao": "res003/2016",
      "status": 3,
      "descStatus": "Inativado"
    },
    {
      "id": 16,
      "ano": "2015",
      "eleicao": "2015/001",
      "descTipoProcesso": "Extraordinária",
      "situacao": {
        "id": 1,
        "descricao": "Concluída"
      },
      "resolucao": "res001/2015",
      "status": 1,
      "descStatus": "Concluida"
    },
    {
      "id": 17,
      "ano": "2015",
      "eleicao": "2015/002",
      "tipoProcesso": 2,
      "descTipoProcesso": "Extraordinária",
      "resolucao": "res001/2015",
      "status": 2,
      "descStatus": "Em Andamento"
    },
    {
      "id": 18,
      "ano": "2015",
      "eleicao": "2015/003",
      "tipoProcesso": 1,
      "descTipoProcesso": "Ordinária",
      "resolucao": "res003/2015",
      "status": 3,
      "descStatus": "Inativado"
    }
  ],
  "anos": [
    {
      "ano": 2020
    },
    {
      "ano": 2019
    },
    {
      "ano": 2018
    },
    {
      "ano": 2017
    },
    {
      "ano": 2016
    }
  ],
  "eleicaoAno": [
    {
      "eleicao": "2020/001"
    },
    {
      "eleicao": "2020/002"
    },
    {
      "eleicao": "2020/003"
    },
    {
      "eleicao": "2019/001"
    },
    {
      "eleicao": "2019/002"
    },
    {
      "eleicao": "2019/003"
    },
    {
      "eleicao": "2018/001"
    },
    {
      "eleicao": "2018/002"
    },
    {
      "eleicao": "2018/003"
    },
    {
      "eleicao": "2017/001"
    },
    {
      "eleicao": "2017/002"
    },
    {
      "eleicao": "2017/003"
    },
    {
      "eleicao": "2016/001"
    },
    {
      "eleicao": "2016/002"
    },
    {
      "eleicao": "2016/003"
    }
  ],
  "pesquisa": [
    [
      {
        "idTipoProcesso": 2,
        "eleicao": [
          3,
          6
        ],
        "ano": []
      }
    ]
  ],
  "tpProcesso": [
    {
      "id": 1,
      "processo": "Extraordinária"
    },
    {
      "id": 2,
      "processo": "Ordinária"
    }
  ],
  "periodoCadastro": [
    {
      "nome": "Gabriel",
      "id": 1
    },
    {
      "nome": "Gabriel",
      "id": 2
    },
    {
      "nome": "Gabriel",
      "id": 3
    },
    {
      "nome": "Gabriel",
      "id": 4
    },
    {
      "nome": "Gabriel",
      "id": 5
    },
    {
      "nome": "Gabriel",
      "id": 6
    },
    {
      "nome": "Gabriel",
      "id": 7
    },
    {
      "nome": "Gabriel",
      "id": 8
    },
    {
      "nome": "Gabriel",
      "id": 9
    },
    {
      "nome": "Gabriel",
      "id": 10
    },
    {
      "nome": "Gabriel",
      "id": 11
    },
    {
      "nome": "Gabriel",
      "id": 12
    },
    {
      "nome": "Gabriel",
      "id": 13
    },
    {
      "nome": "Gabriel",
      "id": 14
    },
    {
      "nome": "Gabriel",
      "id": 15
    },
    {
      "nome": "Gabriel",
      "id": 16
    },
    {
      "nome": "Gabriel",
      "id": 17
    },
    {
      "nome": "Gabriel",
      "id": 18
    },
    {
      "nome": "Gabriel",
      "id": 19
    },
    {
      "nome": "Gabriel",
      "id": 20
    },
    {
      "nome": "Gabriel",
      "id": 21
    },
    {
      "nome": "Gabriel",
      "id": 22
    },
    {
      "nome": "Gabriel",
      "id": 23
    },
    {
      "nome": "Gabriel",
      "id": 24
    },
    {
      "nome": "Gabriel",
      "id": 25
    },
    {
      "nome": "Gabriel",
      "id": 26
    },
    {
      "nome": "Gabriel",
      "id": 27
    },
    {
      "nome": "Gabriel",
      "id": 28
    },
    {
      "nome": "Gabriel",
      "id": 29
    },
    {
      "nome": "Gabriel",
      "id": 30
    },
    {
      "nome": "Gabriel",
      "id": 31
    },
    {
      "nome": "Gabriel",
      "id": 32
    },
    {
      "nome": "Gabriel",
      "id": 33
    },
    {
      "nome": "Gabriel",
      "id": 34
    },
    {
      "nome": "Gabriel",
      "id": 35
    },
    {
      "nome": "Gabriel",
      "id": 36
    },
    {
      "nome": "Gabriel",
      "id": 37
    },
    {
      "nome": "Gabriel",
      "id": 38
    },
    {
      "nome": "Gabriel",
      "id": 39
    },
    {
      "nome": "Gabriel",
      "id": 40
    },
    {
      "nome": "Gabriel",
      "id": 41
    }
  ],
  "atividadesPrincipais": [
    {
      "id": 1,
      "dataInicio": "10/10/2018",
      "dataFim": "20/10/2019",
      "idCalendario": 1,
      "descricao": "teste descricao",
      "obedeceVigencia": true,
      "nivel": 1,
      "atividadesSecundarias": [
        {
          "id": 1,
          "descricao": "desc sub",
          "dataInicio": "10/10/2018",
          "dataFim": "20/10/2019",
          "idAtividadePrincipal": 1,
          "nivel": 1
        },
        {
          "id": 2,
          "descricao": "desc sub",
          "dataInicio": "10/10/2018",
          "dataFim": "20/10/2019",
          "idAtividadePrincipal": 1,
          "nivel": 2
        }
      ]
    },
    {
      "id": 2,
      "dataInicio": "10/10/2019",
      "dataFim": "20/10/2019",
      "idCalendario": 1,
      "descricao": "teste descricao1",
      "obedeceVigencia": true,
      "nivel": 2,
      "atividadesSecundarias": [
        {
          "id": 1,
          "descricao": "desc sub 1",
          "dataInicio": "10/10/2014",
          "dataFim": "20/10/2019",
          "idAtividadePrincipal": 2,
          "nivel": 1
        },
        {
          "id": 2,
          "descricao": "desc sub 2",
          "dataInicio": "10/10/2017",
          "dataFim": "20/10/2019",
          "idAtividadePrincipal": 2,
          "nivel": 2
        }
      ]
    }
  ]
}